{"great": [0.5682557965917351, 0.1769376699229997, 0.18993643512543748, -0.27809140820479766, -0.8753156815199821, -0.14616440151329257, 0.23939092249734448, -0.31070291720579235, 0.6199832095634383, 0.16617984462002236], "cool": [0.5641256072125874, 0.13722982658305438, 0.20823648035171757, -0.2929695723456363, -0.8704480862547579, -0.18822962799771017, 0.24239616047158674, -0.2941009195992256, 0.6979644655991711, 0.21475297647656122], "brilliant": [0.5918855018013454, 0.10397786927770158, 0.18125409832798148, -0.3249417806914038, -0.8565376508947541, -0.1796672139151318, 0.26035098164719017, -0.32893244657244936, 0.6604228461904655, 0.24158225625024796], "wonderful": [0.5336813277875315, 0.15884523607312173, 0.2651843805368251, -0.34389277627100584, -0.8491692008120085, -0.18613217422541942, 0.26724085300405004, -0.31809103059724775, 0.658104175743785, 0.200444349833511], "well": [0.5893339401809649, 0.17311813201184928, 0.26909656417479705, -0.30740190098292797, -0.8500390052604693, -0.18871896996247903, 0.27101121903362424, -0.3002421502644917, 0.568987220443445, 0.1536939961285806], "amazing": [0.5902038867844643, 0.14902291975965964, 0.213159697056537, -0.3142264603667906, -0.9096476218964349, -0.17471907820831536, 0.27440977619393614, -0.2878009614247628, 0.6262885326051713, 0.21474172972714706], "worth": [0.5130535106477786, 0.12034173054704309, 0.1958738363180414, -0.31643691396240425, -0.8606295772705052, -0.1510116288673397, 0.2211324171610086, -0.26972358950629427, 0.6690196658223426, 0.16036078186161506], "sweet": [0.5503643010832926, 0.1714318975623613, 0.19039362530118092, -0.32242095517316016, -0.8138360944646922, -0.18346270853248317, 0.23271938859805769, -0.2626053000415242, 0.6257203568118472, 0.24871943007675432], "enjoyable": [0.5738392051934844, 0.12461914284456152, 0.17510717277873974, -0.33024605280163594, -0.7874929465033428, -0.17067349112504732, 0.24587717337924977, -0.28375949976958226, 0.654662047193193, 0.2348916423233692], "boring": [0.5240450095785572, 0.15703282247734593, 0.18486578812352436, -0.2990130048224247, -0.8831747584261088, -0.1811586527411476, 0.22235910278043802, -0.31756882268031383, 0.5988034434028019, 0.17092555144264818], "bad": [0.5360316771649712, 0.08934057914047352, 0.2201026591060939, -0.3095846861526972, -0.8809548868530359, -0.14538972298246003, 0.21710437130796867, -0.23807251098545693, 0.6330703998035982, 0.24369857228293276], "dumb": [0.570711916915707, 0.13801450767761778, 0.2641854971871884, -0.2713492816853865, -0.8090819545573587, -0.11288020342381064, 0.28726901979309016, -0.3204195674908728, 0.6057968690648795, 0.1795797734455588], "annoying": [0.5804388073936807, 0.10213080454123973, 0.17510467165233634, -0.3301742006378939, -0.8168968873432684, -0.20307898062832572, 0.2158054190212603, -0.2610116632102947, 0.6339996308459201, 0.20636140785935564], "female": [0.6029723815239837, 0.16789318536724737, 0.22520087305967562, -0.2887330648792562, -0.9146157195054561, -0.22069970363834449, 0.22384549781071938, -0.27169214724889107, 0.6634932978039562, 0.23203231101065183], "male": [0.6188443180311555, 0.1759122483656716, 0.22018040161594699, -0.36456330080079463, -0.9461854369906789, -0.1332260465791465, 0.2991505531133827, -0.34861960504838163, 0.7441098161765463, 0.19775997097206288], "queen": [0.5765894647154781, 0.13192743667861648, 0.2580232704526747, -0.3298032082698652, -0.8289942700272944, -0.19274329913687596, 0.23709843256162155, -0.24203150503481508, 0.5713084097409641, 0.1429892253760586], "king": [0.5560732564209726, 0.1764615412821357, 0.28312342344954794, -0.3367128855390605, -0.9461014688342687, -0.12648395065859483, 0.30612181315592185, -0.33188197122441776, 0.6792991341085513, 0.19131773485838033], "man": [0.6051631423709493, 0.17830144563644143, 0.22784621923285925, -0.2961178922019529, -0.9034636471542418, -0.14556650433904578, 0.20202598684749776, -0.2637285354241915, 0.6768741056545698, 0.21429225917611802], "woman": [0.5439297636260638, 0.10716810158149408, 0.19338139148668104, -0.3063888846272402, -0.90051154974656, -0.1985424572735238, 0.2888241976482534, -0.31693694288027674, 0.6655769452543199, 0.2486405293598407], "rain": [0.6298504912050584, 0.12301635380852775, 0.22052743188216303, -0.3041738805628178, -0.850625738714621, -0.17339694916358045, 0.22410525920744057, -0.34460525006932236, 0.7252580609208235, 0.24246844659325667], "snow": [0.571658674146897, 0.1671575262055328, 0.2811586315804149, -0.29761757148365736, -0.9075508328669517, -0.18167262677197626, 0.2339708351704251, -0.2998148033711087, 0.759247651921254, 0.2640055409419275], "hail": [0.42533821691139195, 0.1380455378374832, 0.2117743056507608, -0.195198078379709, -0.6816567081869009, -0.10307706377540067, 0.150719901731784, -0.2165401966104437, 0.5309049787787798, 0.11659360626879128], "coffee": [0.5362156564666707, 0.1849853653442811, 0.24044513781837565, -0.25154795848531813, -0.758515627560334, -0.14980862202505738, 0.2525722902250097, -0.24267753083317825, 0.6620631212565934, 0.22504608361898634], "tea": [0.5401340524210244, 0.17011330010004375, 0.16738954188749103, -0.3114928291060685, -0.7716667733777048, -0.1754473340699853, 0.26496092587065895, -0.25197352059897304, 0.6384983316665088, 0.20143552944512608]}